{
  "seats": [
    {
      "id": 1,
      "status": "booked"
    },
    {
      "id": 2,
      "status": "booked"
    },
    {
      "id": 3,
      "status": "booked"
    },
    {
      "id": 4,
      "status": "booked"
    },
    {
      "id": 5,
      "status": "booked"
    },
    {
      "id": 6,
      "status": "booked"
    },
    {
      "id": 7,
      "status": "booked"
    },
    {
      "id": 8,
      "status": "booked"
    },
    {
      "id": 9,
      "status": "booked"
    },
    {
      "id": 10,
      "status": "booked"
    },
    {
      "id": 11,
      "status": "booked"
    },
    {
      "id": 12,
      "status": "booked"
    },
    {
      "id": 13,
      "status": "booked"
    },
    {
      "id": 14,
      "status": "booked"
    },
    {
      "id": 15,
      "status": "booked"
    },
    {
      "id": 16,
      "status": "booked"
    },
    {
      "id": 17,
      "status": "booked"
    },
    {
      "id": 18,
      "status": "booked"
    },
    {
      "id": 19,
      "status": "booked"
    },
    {
      "id": 20,
      "status": "booked"
    },
    {
      "id": 21,
      "status": "booked"
    },
    {
      "id": 22,
      "status": "booked"
    },
    {
      "id": 23,
      "status": "booked"
    },
    {
      "id": 24,
      "status": "booked"
    },
    {
      "id": 25,
      "status": "booked"
    },
    {
      "id": 26,
      "status": "booked"
    },
    {
      "id": 27,
      "status": "available"
    },
    {
      "id": 28,
      "status": "available"
    },
    {
      "id": 29,
      "status": "available"
    },
    {
      "id": 30,
      "status": "available"
    },
    {
      "id": 31,
      "status": "available"
    },
    {
      "id": 32,
      "status": "available"
    },
    {
      "id": 33,
      "status": "available"
    },
    {
      "id": 34,
      "status": "available"
    },
    {
      "id": 35,
      "status": "available"
    },
    {
      "id": 36,
      "status": "available"
    },
    {
      "id": 37,
      "status": "available"
    },
    {
      "id": 38,
      "status": "available"
    },
    {
      "id": 39,
      "status": "available"
    },
    {
      "id": 40,
      "status": "available"
    },
    {
      "id": 41,
      "status": "available"
    },
    {
      "id": 42,
      "status": "available"
    },
    {
      "id": 43,
      "status": "available"
    },
    {
      "id": 44,
      "status": "available"
    },
    {
      "id": 45,
      "status": "available"
    },
    {
      "id": 46,
      "status": "available"
    },
    {
      "id": 47,
      "status": "available"
    },
    {
      "id": 48,
      "status": "available"
    },
    {
      "id": 49,
      "status": "available"
    },
    {
      "id": 50,
      "status": "available"
    },
    {
      "id": 51,
      "status": "available"
    },
    {
      "id": 52,
      "status": "available"
    },
    {
      "id": 53,
      "status": "available"
    },
    {
      "id": 54,
      "status": "available"
    },
    {
      "id": 55,
      "status": "available"
    },
    {
      "id": 56,
      "status": "available"
    },
    {
      "id": 57,
      "status": "available"
    },
    {
      "id": 58,
      "status": "available"
    },
    {
      "id": 59,
      "status": "available"
    },
    {
      "id": 60,
      "status": "available"
    },
    {
      "id": 61,
      "status": "available"
    },
    {
      "id": 62,
      "status": "available"
    },
    {
      "id": 63,
      "status": "available"
    },
    {
      "id": 64,
      "status": "available"
    },
    {
      "id": 65,
      "status": "available"
    },
    {
      "id": 66,
      "status": "available"
    },
    {
      "id": 67,
      "status": "available"
    },
    {
      "id": 68,
      "status": "available"
    },
    {
      "id": 69,
      "status": "available"
    },
    {
      "id": 70,
      "status": "available"
    },
    {
      "id": 71,
      "status": "available"
    },
    {
      "id": 72,
      "status": "available"
    },
    {
      "id": 73,
      "status": "available"
    },
    {
      "id": 74,
      "status": "available"
    },
    {
      "id": 75,
      "status": "available"
    },
    {
      "id": 76,
      "status": "available"
    },
    {
      "id": 77,
      "status": "available"
    },
    {
      "id": 78,
      "status": "available"
    },
    {
      "id": 79,
      "status": "available"
    },
    {
        "id": 80,
        "status": "available"
    }
  ]
}